File name,Function@class,Parameter name/return,Human annotation,LLM annotation
topics_3a0e29.py,pattern@Topic@,arg:pattern,"Union[str, Pattern]",Optional[str]
topics_3a0e29.py,_topic_name_or_default@Topic@,arg:obj,"Optional[Union[str, ChannelT]]","Union[str, TopicT]"
topics_3a0e29.py,_topic_name_or_default@global@,arg:obj,"Optional[Union[str, ChannelT]]","Union[str, TopicT]"
topics_3a0e29.py,pattern@global@,arg:pattern,"Union[str, Pattern]",Optional[str]
test_core_515237.py,run@MapperWithPre2@,return:unknown,Optional[FieldMap],"Dict[str, int]"
test_core_515237.py,run@MapperWithPre@,return:unknown,Optional[FieldMap],"Dict[str, int]"
test_core_515237.py,run@global@,return:unknown,Optional[FieldMap],"Dict[str, int]"
aiohttp_0b8820.py,serialize_response@global@,return:unknown,"dict[str, Any]","dict[str, Union[int, Optional[str], dict[str, str]]]"
aiohttp_0b8820.py,__init__@global@,arg:mock_source,str,Optional[Any]
aiohttp_0b8820.py,__init__@MockRequest@,arg:mock_source,str,Optional[Any]
test_suggest_43eeb2.py,suggestion_testing@global@,arg:optimum,tp.Optional[np.ndarray],np.ndarray
test_suggest_43eeb2.py,suggestion_testing@global@,arg:threshold,tp.Optional[float],float
_validators_b0a062.py,validate_bool_kwarg@global@,return:unknown,BoolishNoneT,"Union[bool, int, None]"
_config_c8d42c.py,as_dict@global@,return:unknown,"dict[str, float | None]","dict[str, TimeoutTypes]"
_config_c8d42c.py,as_dict@Timeout@,return:unknown,"dict[str, float | None]","dict[str, TimeoutTypes]"
alarm_control_panel_85f407.py,extra_state_attributes@global@,return:unknown,"dict[str, Any]","Dict[str, Optional[str]]"
alarm_control_panel_85f407.py,extra_state_attributes@ManualAlarm@,return:unknown,"dict[str, Any]","Dict[str, Optional[str]]"
blueprints_a0a4a9.py,cache@global@,arg:backend,"Union[Type[CacheBackendT], str]",Optional[CacheBackendT]
blueprints_a0a4a9.py,cache@Blueprint@,arg:backend,"Union[Type[CacheBackendT], str]",Optional[CacheBackendT]
sensor_afd46b.py,extra_state_attributes@global@,return:unknown,"dict[str, bool | float | int | str | None]","dict[str, Any]"
sensor_afd46b.py,extra_state_attributes@DeconzSensor@,return:unknown,"dict[str, bool | float | int | str | None]","dict[str, Any]"
models_7ff78a.py,get_feed_entries_by_ids@RepoInterface@,return:unknown,"Dict[FeedEntryId, Optional[FeedEntry]]",List[FeedEntry]
models_7ff78a.py,get_users_by_ids@RepoInterface@,return:unknown,"Dict[UserId, Optional[User]]",List[User]
models_7ff78a.py,get_users_by_ids@global@,return:unknown,"Dict[UserId, Optional[User]]",List[User]
models_7ff78a.py,get_feed_entries_by_ids@global@,return:unknown,"Dict[FeedEntryId, Optional[FeedEntry]]",List[FeedEntry]
test_providers_4601ba.py,test_resolve_event_time_filter@TestBaseResolver@,arg:resolver_model_node,bool,Optional[NodeConfig]
test_providers_4601ba.py,test_resolve_event_time_filter@global@,arg:resolver_model_node,bool,Optional[NodeConfig]
sensor_4b2742.py,native_value@global@,return:unknown,str | int | None,float | str
sensor_4b2742.py,native_value@IBeaconSensorEntity@,return:unknown,str | int | None,float | str
schema_yaml_readers_9dabb0.py,wrap_tags@global@,arg:s,"Union[List[str], str]","Optional[Union[str, List[str]]]"
home_349a7c.py,build_page_params_for_home_page_load@global@,return:unknown,"tuple[int, dict[str, object]]","Tuple[Optional[str], Dict[str, Any]]"
heartbeat_5b669e.py,find_all_by_status@Heartbeat@,arg:status,List[str],Optional[HeartbeatStatus]
heartbeat_5b669e.py,find_all_by_status@global@,arg:status,List[str],Optional[HeartbeatStatus]
debias_0a65ea.py,debias_with_double_ml@global@,arg:extra_params,"Dict[str, Any]","Union[Dict[str, Any], None]"
base_949c11.py,on_stream_event_out@global@,arg:state,Dict,"Optional[Dict[SensorT, Any]]"
base_949c11.py,on_stream_event_out@SensorDelegate@,arg:state,Dict,"Optional[Dict[SensorT, Any]]"
v2_validated_func_97b85a.py,create_model@V2ValidatedFunction@,arg:config,'ConfigType',"Optional[Dict[str, Any]]"
v2_validated_func_97b85a.py,create_model@global@,arg:config,'ConfigType',"Optional[Dict[str, Any]]"
cover_376334.py,_constructor@global@,arg:auto,rfxtrxmod.RFXtrxEvent | None,bool
cover_376334.py,__init__@global@,arg:event,rfxtrxmod.RFXtrxEvent,Optional[rfxtrxmod.ControlEvent]
cover_376334.py,__init__@RfxtrxCover@,arg:event,rfxtrxmod.RFXtrxEvent,Optional[rfxtrxmod.ControlEvent]
navigator_watcher_5f9fc6.py,__init__@NavigatorWatcher@,arg:options,Dict,"Optional[Dict[str, Any]]"
navigator_watcher_5f9fc6.py,__init__@global@,arg:options,Dict,"Optional[Dict[str, Any]]"
switch_fa31bd.py,_constructor@global@,arg:auto,rfxtrxmod.RFXtrxEvent | None,bool
params_067b56.py,_init_options@Number@,arg:number_aliases,"Mapping[IT, OT]","Optional[Mapping[Any, OT]]"
params_067b56.py,__get__@Param@,arg:type,Type,Optional[Type[_Settings]]
params_067b56.py,_init_options@global@,arg:number_aliases,"Mapping[IT, OT]","Optional[Mapping[Any, OT]]"
params_067b56.py,__get__@global@,arg:type,Type,Optional[Type[_Settings]]
sensor_b31c52.py,native_value@HomeKitLightSensor@,return:unknown,int,Optional[float]
sensor_b31c52.py,native_value@HomeKitCarbonDioxideSensor@,return:unknown,int,Optional[float]
sensor_b31c52.py,native_value@SimpleSensor@,return:unknown,str | int | float,"Union[str, int, float, None]"
camera_ed1077.py,extra_state_attributes@RingCam@,return:unknown,"dict[str, Any]","dict[str, Optional[str]]"
camera_ed1077.py,extra_state_attributes@global@,return:unknown,"dict[str, Any]","dict[str, Optional[str]]"
topics_fc6164.py,pattern@TopicT@,arg:pattern,"Union[str, Pattern]",Optional[Pattern]
topics_fc6164.py,pattern@global@,arg:pattern,"Union[str, Pattern]",Optional[Pattern]
sensor_818a5d.py,extra_state_attributes@global@,return:unknown,"dict[str, Any]","Mapping[str, Optional[float]]"
sensor_818a5d.py,extra_state_attributes@MoldIndicator@,return:unknown,"dict[str, Any]","Mapping[str, Optional[float]]"
execution_context_66f661.py,__init__@ExecutionContext@,arg:frame,'Frame',Optional['Frame']
ioloop_93815f.py,configure@IOLoop@,arg:impl,"'Union[None, str, Type[Configurable]]'","Union[str, Type['IOLoop']]"
ioloop_93815f.py,run_sync@global@,arg:func,Callable,"Callable[[], Union[Awaitable[_T], None]]"
ioloop_93815f.py,run_sync@IOLoop@,arg:func,Callable,"Callable[[], Union[Awaitable[_T], None]]"
ioloop_93815f.py,configure@global@,arg:impl,"'Union[None, str, Type[Configurable]]'","Union[str, Type['IOLoop']]"
metamodel_f9ba03.py,learn_on_k_best@global@,arg:shape,tp.Any,"tp.Optional[tp.Tuple[int, ...]]"
metamodel_f9ba03.py,learn_on_k_best@global@,arg:para,tp.Any,tp.Optional[utils.Parameter]
streams_a2a52b.py,__init__@global@,arg:channel,AsyncIterator[T_co],Optional[ChannelT]
streams_a2a52b.py,__init__@StreamT@,arg:channel,AsyncIterator[T_co],Optional[ChannelT]
sensor_6b1a2d.py,native_value@global@,return:unknown,StateType | datetime,"Optional[Union[int, datetime]]"
sensor_6b1a2d.py,native_value@SynoDSMInfoSensor@,return:unknown,StateType | datetime,"Optional[Union[int, datetime]]"
sensor_6b1a2d.py,native_value@SynoDSMUtilSensor@,return:unknown,StateType,"Optional[Union[int, float]]"
httpclient_e36adc.py,headers@HTTPRequest@,arg:value,"Union[Dict[str, str], httputil.HTTPHeaders]","Optional[Union[httputil.HTTPHeaders, Dict[str, str]]]"
httpclient_e36adc.py,body@HTTPRequest@,arg:value,"Union[bytes, str]","Optional[Union[str, bytes]]"
httpclient_e36adc.py,headers@global@,arg:value,"Union[Dict[str, str], httputil.HTTPHeaders]","Optional[Union[httputil.HTTPHeaders, Dict[str, str]]]"
app_c89ec6.py,agent@global@,arg:channel,"Union[str, ChannelT[_T]]",Optional[ChannelT]
app_c89ec6.py,agent@AppT@,arg:channel,"Union[str, ChannelT[_T]]",Optional[ChannelT]
app_c89ec6.py,stream@global@,arg:beacon,NodeT,Optional[Any]
app_c89ec6.py,stream@AppT@,arg:beacon,NodeT,Optional[Any]
light_65a387.py,effect@HomematicipNotificationLightV2@,return:unknown,str | None,OpticalSignalBehaviour
light_65a387.py,effect_list@HomematicipNotificationLightV2@,return:unknown,list[str] | None,List[OpticalSignalBehaviour]
light_65a387.py,effect@global@,return:unknown,str | None,OpticalSignalBehaviour
light_65a387.py,_convert_color@global@,arg:color,tuple,"Optional[Tuple[float, float]]"
light_65a387.py,effect_list@global@,return:unknown,list[str] | None,List[OpticalSignalBehaviour]
binary_sensor_66e712.py,extra_state_attributes@SynoDSMSecurityBinarySensor@,return:unknown,"dict[str, str]","Optional[dict[str, Any]]"
binary_sensor_66e712.py,extra_state_attributes@global@,return:unknown,"dict[str, str]","Optional[dict[str, Any]]"
__init___9e75d4.py,new_schema_validator@global@,return:unknown,"tuple[ValidatePythonHandlerProtocol | None, ValidateJsonHandlerProtocol | None, ValidateStringsHandlerProtocol | None]",NewSchemaReturns
__init___9e75d4.py,new_schema_validator@PydanticPluginProtocol@,return:unknown,"tuple[ValidatePythonHandlerProtocol | None, ValidateJsonHandlerProtocol | None, ValidateStringsHandlerProtocol | None]",NewSchemaReturns
conftest_cc5a31.py,_start_listening@global@,arg:ws_event_callback,"Callable[[str, Any], Awaitable[None] | None] | None","Callable[[str, Any], None]"
sensors_be4bf6.py,on_stream_event_out@global@,arg:state,Dict,"Optional[Dict[str, Any]]"
sensors_be4bf6.py,on_stream_event_out@SensorInterfaceT@,arg:state,Dict,"Optional[Dict[str, Any]]"
redis_925650.py,_as_cluster_kwargs@CacheBackend@,arg:db,str,Optional[int]
redis_925650.py,_as_cluster_kwargs@global@,arg:db,str,Optional[int]
conftest_b8b972.py,__init__@MockCalendarEntity@,arg:events,list[CalendarEvent] | None,List[CalendarEvent]
conftest_b8b972.py,__init__@global@,arg:events,list[CalendarEvent] | None,List[CalendarEvent]
document_48bf0e.py,__init__@global@,arg:schema,typing.Any,Optional[dict]
document_48bf0e.py,__init__@Document@,arg:content,"typing.Sequence[typing.Union['Section', 'Link']]","Optional[List[Union['Link', 'Section']]]"
document_48bf0e.py,__init__@Link@,arg:response,'Response',Optional['Response']
document_48bf0e.py,__init__@Link@,arg:fields,typing.Sequence['Field'],Optional[List['Field']]
document_48bf0e.py,__init__@Section@,arg:content,"typing.Sequence[typing.Union['Section', 'Link']]","Optional[List[Union['Link', 'Section']]]"
document_48bf0e.py,__init__@Field@,arg:schema,typing.Any,Optional[dict]
document_48bf0e.py,__init__@Response@,arg:schema,typing.Any,Optional[dict]
sensor_f749b9.py,extra_state_attributes@global@,return:unknown,"dict[str, str] | None","dict[str, Any]"
sensor_f749b9.py,extra_state_attributes@IntegrationSensor@,return:unknown,"dict[str, str] | None","dict[str, Any]"
__init___7c4947.py,_async_process_device_data@global@,arg:data,"dict[str, str | None]","Dict[str, Any]"
__init___7c4947.py,_async_process_device_data@DeviceTrackerRegisteredWatcher@,arg:data,"dict[str, str | None]","Dict[str, Any]"
data_b998b2.py,set_payload@RestData@,arg:payload,str,"Optional[Union[str, bytes]]"
data_b998b2.py,__init__@global@,arg:headers,"dict[str, str] | None","dict[str, Any]"
data_b998b2.py,__init__@global@,arg:params,"dict[str, str] | None","dict[str, Any]"
data_b998b2.py,set_payload@global@,arg:payload,str,"Optional[Union[str, bytes]]"
data_b998b2.py,__init__@RestData@,arg:headers,"dict[str, str] | None","dict[str, Any]"
data_b998b2.py,__init__@RestData@,arg:params,"dict[str, str] | None","dict[str, Any]"
weather_898f49.py,_async_forecast_daily@global@,return:unknown,list[Forecast] | None,"List[Dict[str, Any]]"
weather_898f49.py,_async_forecast_hourly@OpenWeatherMapWeather@,return:unknown,list[Forecast] | None,"List[Dict[str, Any]]"
weather_898f49.py,_async_forecast_daily@OpenWeatherMapWeather@,return:unknown,list[Forecast] | None,"List[Dict[str, Any]]"
weather_898f49.py,_async_forecast_hourly@global@,return:unknown,list[Forecast] | None,"List[Dict[str, Any]]"
binary_sensor_9e59d0.py,_constructor@global@,arg:auto,rfxtrxmod.RFXtrxEvent | None,bool
client_exceptions_dac1d7.py,ssl@global@,return:unknown,bool,Optional[SSLContext]
client_exceptions_dac1d7.py,ssl@ClientConnectorCertificateError@,return:unknown,bool,Optional[SSLContext]
client_exceptions_dac1d7.py,ssl@ClientConnectorError@,return:unknown,"Union[SSLContext, bool, 'Fingerprint']",Optional[SSLContext]
__init___96a5ba.py,create_coordinator_container_vm@global@,return:unknown,"DataUpdateCoordinator[dict[str, Any] | None]",DataUpdateCoordinator
sensor_87caf9.py,extra_state_attributes@ZWaveMeterSensor@,return:unknown,"Mapping[str, int | str] | None","dict[str, Union[int, str]]"
sensor_87caf9.py,native_value@ZwaveSensor@,return:unknown,StateType,"Union[str, int, float, None]"
frame_manager_271dac.py,waitForFunction@global@,arg:options,dict,"Optional[Dict[str, Any]]"
frame_manager_271dac.py,waitFor@global@,arg:options,dict,"Optional[Dict[str, Any]]"
frame_manager_271dac.py,createJSHandle@FrameManager@,arg:remoteObject,Dict,"Optional[Dict[str, Any]]"
frame_manager_271dac.py,waitForXPath@global@,arg:options,dict,"Optional[Dict[str, Any]]"
frame_manager_271dac.py,_waitForSelectorOrXPath@Frame@,arg:options,dict,"Optional[Dict[str, Any]]"
frame_manager_271dac.py,waitForXPath@Frame@,arg:options,dict,"Optional[Dict[str, Any]]"
frame_manager_271dac.py,createJSHandle@global@,arg:remoteObject,Dict,"Optional[Dict[str, Any]]"
frame_manager_271dac.py,waitFor@Frame@,arg:options,dict,"Optional[Dict[str, Any]]"
frame_manager_271dac.py,_waitForSelectorOrXPath@global@,arg:options,dict,"Optional[Dict[str, Any]]"
frame_manager_271dac.py,waitForSelector@global@,arg:options,dict,"Optional[Dict[str, Any]]"
frame_manager_271dac.py,waitForFunction@Frame@,arg:options,dict,"Optional[Dict[str, Any]]"
frame_manager_271dac.py,waitForSelector@Frame@,arg:options,dict,"Optional[Dict[str, Any]]"
starrocks_a24cf8.py,python_type@ARRAY@,return:unknown,Optional[type[list[Any]]],type
starrocks_a24cf8.py,python_type@MAP@,return:unknown,"Optional[type[dict[Any, Any]]]",type
coordinator_0bc28f.py,upcoming@global@,return:unknown,Iterable[Event] | None,list[Event]
coordinator_0bc28f.py,upcoming@CalendarQueryUpdateCoordinator@,return:unknown,Iterable[Event] | None,list[Event]
issue_registry_f55ae7.py,_data_to_save@IssueRegistry@,return:unknown,"dict[str, list[dict[str, str | None]]]","dict[str, Any]"
issue_registry_f55ae7.py,_data_to_save@global@,return:unknown,"dict[str, list[dict[str, str | None]]]","dict[str, Any]"
transformer_layer_bf9c8e.py,forward@TransformerLayer@,arg:attention_mask,torch.Tensor,Optional[torch.BoolTensor]
transformer_layer_bf9c8e.py,forward@global@,arg:attention_mask,torch.Tensor,Optional[torch.BoolTensor]
__init___97fa7b.py,python_script_service_handler@global@,return:unknown,ServiceResponse,"Optional[Dict[str, Any]]"
light_41b89c.py,color_mode@global@,return:unknown,str | None,ColorMode
light_41b89c.py,color_mode@DemoLight@,return:unknown,str | None,ColorMode
evaluators_b911b8.py,split_evaluator@global@,arg:split_values,Iterable,Optional[List[Any]]
evaluators_b911b8.py,temporal_split_evaluator@global@,arg:split_values,Iterable[str],Optional[List[str]]
conftest_f1c9f3.py,set_subscribe_voice_assistant_callbacks@MockESPHomeDevice@,arg:handle_start,"Callable[[str, int, VoiceAssistantAudioSettings, str | None], Coroutine[Any, Any, int | None]]","Callable[[str, int, VoiceAssistantAudioSettings, str], Awaitable[None]]"
conftest_f1c9f3.py,set_home_assistant_state_subscription_callback@global@,arg:on_state_sub,"Callable[[str, str | None], None]","Callable[[str, str], None]"
conftest_f1c9f3.py,set_home_assistant_state_subscription_callback@global@,arg:on_state_request,"Callable[[str, str | None], None]","Callable[[str, str], None]"
conftest_f1c9f3.py,set_home_assistant_state_subscription_callback@MockESPHomeDevice@,arg:on_state_sub,"Callable[[str, str | None], None]","Callable[[str, str], None]"
conftest_f1c9f3.py,set_home_assistant_state_subscription_callback@MockESPHomeDevice@,arg:on_state_request,"Callable[[str, str | None], None]","Callable[[str, str], None]"
conftest_f1c9f3.py,set_subscribe_voice_assistant_callbacks@global@,arg:handle_start,"Callable[[str, int, VoiceAssistantAudioSettings, str | None], Coroutine[Any, Any, int | None]]","Callable[[str, int, VoiceAssistantAudioSettings, str], Awaitable[None]]"
conftest_f1c9f3.py,_subscribe_home_assistant_states@global@,arg:on_state_sub,"Callable[[str, str | None], None]","Callable[[str, str], None]"
conftest_f1c9f3.py,_subscribe_home_assistant_states@global@,arg:on_state_request,"Callable[[str, str | None], None]","Callable[[str, str], None]"
registry_e23820.py,_loads@global@,arg:serializer,CodecArg,Optional[str]
registry_e23820.py,__init__@global@,arg:key_serializer,CodecArg,Optional[str]
registry_e23820.py,__init__@Registry@,arg:key_serializer,CodecArg,Optional[str]
registry_e23820.py,_serializer@Registry@,return:unknown,CodecArg,Optional[str]
registry_e23820.py,_serializer@global@,return:unknown,CodecArg,Optional[str]
registry_e23820.py,_loads@Registry@,arg:serializer,CodecArg,Optional[str]
initiator_fb22e8.py,try_new_route@global@,return:unknown,TransitionResult[Optional[InitiatorTransferState]],TransitionResult
initiator_fb22e8.py,handle_offchain_secretreveal@global@,return:unknown,TransitionResult[Optional[InitiatorTransferState]],TransitionResult
initiator_fb22e8.py,state_transition@global@,return:unknown,TransitionResult[Optional[InitiatorTransferState]],TransitionResult
initiator_fb22e8.py,handle_onchain_secretreveal@global@,return:unknown,TransitionResult[Optional[InitiatorTransferState]],TransitionResult
initiator_fb22e8.py,handle_block@global@,return:unknown,TransitionResult[Optional[InitiatorTransferState]],TransitionResult
serializers_307391.py,__init__@RegistryT@,arg:key_serializer,CodecArg,"Optional[Union[str, CodecArg]]"
web_6fce4a.py,__init__@CacheT@,arg:backend,"Union[Type[CacheBackendT], str]",Optional[CacheBackendT]
web_6fce4a.py,__init__@global@,arg:backend,"Union[Type[CacheBackendT], str]",Optional[CacheBackendT]
web_6fce4a.py,cache@global@,arg:backend,"Union[Type[CacheBackendT], str]",Optional[CacheBackendT]
web_6fce4a.py,cache@BlueprintT@,arg:backend,"Union[Type[CacheBackendT], str]",Optional[CacheBackendT]
tts_72d912.py,get_tts_audio@global@,return:unknown,TtsAudioType,"Tuple[Optional[str], Optional[bytes]]"
tts_72d912.py,get_tts_audio@AmazonPollyProvider@,return:unknown,TtsAudioType,"Tuple[Optional[str], Optional[bytes]]"
sensor_64dd1e.py,native_value@RfxtrxSensor@,return:unknown,StateType | date | datetime | Decimal,Optional[StateType]
sensor_64dd1e.py,native_value@global@,return:unknown,StateType | date | datetime | Decimal,Optional[StateType]
sensor_64dd1e.py,_constructor@global@,arg:auto,RFXtrxEvent | None,bool
discovery_c67402.py,async_listen_platform@global@,arg:callback,"Callable[[str, dict[str, Any] | None], Any]",Callable
discovery_c67402.py,async_listen@global@,arg:callback,"Callable[[str, DiscoveryInfoType | None], Coroutine[Any, Any, None] | None]",Callable
test_digest_a03eb9.py,test_dashboard_digest@global@,arg:expected_result,str | Exception,"Union[str, None, InvalidExecutorError]"
test_digest_a03eb9.py,test_chart_digest@global@,arg:expected_result,str | Exception,"Union[str, None, InvalidExecutorError]"
camera_ca0857.py,_get_mjpeg_camera_properties_for_camera@MotionEyeMjpegCamera@,return:unknown,"dict[str, Any]","dict[str, Optional[str]]"
camera_ca0857.py,_get_mjpeg_camera_properties_for_camera@global@,return:unknown,"dict[str, Any]","dict[str, Optional[str]]"
csvs_0376ba.py,_get_index_label_from_obj@global@,return:unknown,Sequence[Hashable],Optional[IndexLabel]
csvs_0376ba.py,_get_index_label_from_obj@CSVFormatter@,return:unknown,Sequence[Hashable],Optional[IndexLabel]
api_cbdcbd.py,async_register_callback@global@,arg:match_dict,BluetoothCallbackMatcher | None,dict
weather_ac8565.py,_forecast_dict@TomorrowioWeatherEntity@,arg:condition,int,Optional[str]
weather_ac8565.py,_forecast_dict@TomorrowioWeatherEntity@,return:unknown,Forecast,"Dict[str, Union[str, float, None]]"
weather_ac8565.py,_forecast_dict@global@,arg:condition,int,Optional[str]
weather_ac8565.py,_forecast_dict@global@,return:unknown,Forecast,"Dict[str, Union[str, float, None]]"
specs_7c250e.py,on_pipeline_error@PipelineSpecs@,arg:run_params,"dict[str, Any]","Dict[str, Union[str, List[str], Dict[str, Any], None]]"
specs_7c250e.py,after_pipeline_run@global@,arg:run_params,"dict[str, Any]","Dict[str, Union[str, List[str], Dict[str, Any], None]]"
specs_7c250e.py,on_pipeline_error@global@,arg:run_params,"dict[str, Any]","Dict[str, Union[str, List[str], Dict[str, Any], None]]"
specs_7c250e.py,before_pipeline_run@PipelineSpecs@,arg:run_params,"dict[str, Any]","Dict[str, Union[str, List[str], Dict[str, Any], None]]"
specs_7c250e.py,after_pipeline_run@PipelineSpecs@,arg:run_params,"dict[str, Any]","Dict[str, Union[str, List[str], Dict[str, Any], None]]"
specs_7c250e.py,before_pipeline_run@global@,arg:run_params,"dict[str, Any]","Dict[str, Union[str, List[str], Dict[str, Any], None]]"
dataclasses_968ced.py,rebuild_dataclass@global@,return:unknown,bool | None,None | bool
accessories_b90bda.py,async_call_service@global@,arg:service_data,"dict[str, Any] | None",dict
accessories_b90bda.py,async_call_service@HomeAccessory@,arg:service_data,"dict[str, Any] | None",dict
entity_0d0e17.py,async_update_tracked_entity_ids@Group@,arg:entity_ids,Collection[str] | None,list[str]
entity_0d0e17.py,async_update_tracked_entity_ids@global@,arg:entity_ids,Collection[str] | None,list[str]
entity_0d0e17.py,_set_tracked@Group@,arg:entity_ids,Collection[str] | None,list[str]
entity_0d0e17.py,_set_tracked@global@,arg:entity_ids,Collection[str] | None,list[str]
factory_7a7586.py,__init__@global@,arg:profile,Optional[str],OptStr
factory_7a7586.py,__init__@CLIFactory@,arg:profile,Optional[str],OptStr
factory_7a7586.py,create_config_obj@CLIFactory@,arg:api_gateway_stage,Optional[str],OptStr
factory_7a7586.py,create_config_obj@global@,arg:api_gateway_stage,Optional[str],OptStr
update_dd0d23.py,_get_catalog_names@UpdateDatabaseCommand@,return:unknown,set[str],List[Optional[str]]
update_dd0d23.py,_get_catalog_names@global@,return:unknown,set[str],List[Optional[str]]
entity_99a193.py,find_dpcode@TuyaEntity@,arg:dpcodes,"str | DPCode | tuple[DPCode, ...] | None","Union[str, DPCode, tuple[DPCode, ...]]"
entity_99a193.py,find_dpcode@global@,arg:dpcodes,"str | DPCode | tuple[DPCode, ...] | None","Union[str, DPCode, tuple[DPCode, ...]]"
